{"cameraMode":{"drawMode":0,"name":"Shaded","section":"Shading Mode"},"sceneLighting":true,"audioPlay":false,"sceneViewState":{"showFog":true,"showMaterialUpdate":true,"showSkybox":true,"showFlares":true,"showImageEffects":true,"showParticleSystems":true},"in2DMode":false,"pivot":{"x":-4.000981330871582,"y":2.816786766052246,"z":10.046579360961914},"rotation":{"x":0.002913450123742223,"y":0.996604323387146,"z":-0.07219003885984421,"w":0.040369436144828799},"size":5.845034122467041,"orthographic":false}