{"cameraMode":{"drawMode":0,"name":"Shaded","section":"Shading Mode"},"sceneLighting":true,"audioPlay":false,"sceneViewState":{"showFog":true,"showMaterialUpdate":true,"showSkybox":true,"showFlares":true,"showImageEffects":true,"showParticleSystems":true},"in2DMode":false,"pivot":{"x":-552.4970703125,"y":-532.900146484375,"z":-155.09957885742188},"rotation":{"x":0.26248183846473696,"y":-0.7364733815193176,"z":0.4163319170475006,"w":0.4643895626068115},"size":640.258544921875,"orthographic":false}