{"cameraMode":{"drawMode":0,"name":"Shaded","section":"Shading Mode"},"sceneLighting":false,"audioPlay":false,"sceneViewState":{"showFog":true,"showMaterialUpdate":true,"showSkybox":true,"showFlares":true,"showImageEffects":true,"showParticleSystems":true},"in2DMode":false,"pivot":{"x":-1.9893141984939576,"y":5.006550312042236,"z":4.148719310760498},"rotation":{"x":0.06590894609689713,"y":0.9233195185661316,"z":-0.18410184979438783,"w":0.33056625723838808},"size":12.85803508758545,"orthographic":false}