{"cameraMode":{"drawMode":0,"name":"Shaded","section":"Shading Mode"},"sceneLighting":true,"audioPlay":false,"sceneViewState":{"showFog":true,"showMaterialUpdate":true,"showSkybox":true,"showFlares":true,"showImageEffects":true,"showParticleSystems":true},"in2DMode":false,"pivot":{"x":-75.2552490234375,"y":33.37624740600586,"z":-30.985498428344728},"rotation":{"x":0.37743574380874636,"y":0.2848756015300751,"z":-0.12337661534547806,"w":0.8725347518920898},"size":5.9834394454956059,"orthographic":false}