{"cameraMode":{"drawMode":0,"name":"Shaded","section":"Shading Mode"},"sceneLighting":true,"audioPlay":false,"sceneViewState":{"showFog":true,"showMaterialUpdate":true,"showSkybox":true,"showFlares":true,"showImageEffects":true,"showParticleSystems":true},"in2DMode":false,"pivot":{"x":-4.4895219802856449,"y":2.9752907752990724,"z":76.39444732666016},"rotation":{"x":-0.015705645084381105,"y":-0.3190324902534485,"z":0.0050636958330869679,"w":-0.9477547407150269},"size":5.983438968658447,"orthographic":false}