{"cameraMode":{"drawMode":0,"name":"Shaded","section":"Shading Mode"},"sceneLighting":true,"audioPlay":false,"sceneViewState":{"showFog":true,"showMaterialUpdate":true,"showSkybox":true,"showFlares":true,"showImageEffects":true,"showParticleSystems":true},"in2DMode":false,"pivot":{"x":69.99172973632813,"y":1.0729995965957642,"z":38.53144073486328},"rotation":{"x":-0.003981513436883688,"y":-0.9874656200408936,"z":0.15682284533977509,"w":-0.0247793011367321},"size":5.9308881759643559,"orthographic":false}