{"cameraMode":{"drawMode":0,"name":"Shaded","section":"Shading Mode"},"sceneLighting":true,"audioPlay":false,"sceneViewState":{"showFog":true,"showMaterialUpdate":true,"showSkybox":true,"showFlares":true,"showImageEffects":true,"showParticleSystems":true},"in2DMode":false,"pivot":{"x":-0.793220043182373,"y":0.9314519166946411,"z":0.2806093692779541},"rotation":{"x":-0.11691748350858689,"y":0.6251181960105896,"z":-0.09543471038341522,"w":-0.7658098340034485},"size":5.983438968658447,"orthographic":false}