{"cameraMode":{"drawMode":0,"name":"Shaded","section":"Shading Mode"},"sceneLighting":false,"audioPlay":false,"sceneViewState":{"showFog":true,"showMaterialUpdate":true,"showSkybox":true,"showFlares":true,"showImageEffects":true,"showParticleSystems":true},"in2DMode":false,"pivot":{"x":-4.89867639541626,"y":1.3353413343429566,"z":6.526429653167725},"rotation":{"x":0.2343870997428894,"y":0.5370785593986511,"z":-0.15841738879680634,"w":0.7947155237197876},"size":6.429016590118408,"orthographic":false}