{"cameraMode":{"drawMode":0,"name":"Shaded","section":"Shading Mode"},"sceneLighting":false,"audioPlay":false,"sceneViewState":{"showFog":true,"showMaterialUpdate":true,"showSkybox":true,"showFlares":true,"showImageEffects":true,"showParticleSystems":true},"in2DMode":false,"pivot":{"x":-1.0803892612457276,"y":0.34038904309272768,"z":0.2560970187187195},"rotation":{"x":-0.12262455374002457,"y":-0.7529245615005493,"z":0.14661052823066712,"w":-0.6297885775566101},"size":0.00005715767838410102,"orthographic":false}